CP	nsplit	rel error	xerror	xstd
0.003681392235609103	17	0.6479250334672021	0.6941097724230254	0.009978729881722843
